,SD,PS,MV,WP,WT
ant,1.3314162038180103e-06,0.032102319630785414,0.049337299401419586,2.825848139945127e-40,2.4659814037633495e-20
cass,2.650642329389203e-07,6.921439589321395e-25,0.5244371301474786,9.356151622808582e-86,7.235227940943322e-47
commons,0.008685571041903145,0.4006742293734599,0.7792267884693767,2.086458853332589e-12,1.161609781024765e-05
derby,1.7013133046444705e-47,0.40502428043014316,0.0035596588702268596,8.053903202788964e-61,5.016830641824945e-12
jmeter,1.0905239963384888e-05,0.20385950099066422,0.7999798232745677,1.0125196753451813e-15,9.77394058930067e-09
lucence,3.881427042517233e-39,0.333577019631193,0.01387178268592002,2.5108063586822913e-88,1.2170981530603861e-32
mvn,2.69527943935174e-09,7.008973757015052e-08,7.204778206278912e-05,3.512396652503308e-48,6.934849867228018e-14
phoenix,2.9772233200086956e-05,6.220924589213979e-06,0.7301756902619798,1.0236229662969202e-16,0.0034740497205419034
tomcat,4.778833588577406e-21,0.07013360058138073,0.7983215576883037,4.673780605181768e-57,8.566618420872961e-22
