"name","data_p","data_r","data_f"
"LR",0.888888888888889,0.972222222222222,0.972222222222222
"RF",0.555555555555556,0.944444444444444,0.944444444444444
"DT",0.777777777777778,0.833333333333333,0.916666666666667
"Boost",0.777777777777778,0.944444444444444,0.944444444444444
"SVM",0.833333333333333,0.972222222222222,0.972222222222222
