"name","data_p","data_r","data_f"
"LR",8.26962851349679e-07,2.58054828096578e-07,2.57935940230869e-07
"RF",9.27703673578402e-05,3.81356304941889e-07,3.80054927641242e-07
"DT",3.99750280761497e-06,1.81737980035026e-06,5.62720139404273e-07
"Boost",3.99462866258288e-06,3.81542525826207e-07,3.81170161570355e-07
"SVM",1.82080121373482e-06,2.58411773425451e-07,2.56749640219781e-07
