"name","data_p","data_r","data_f"
"LR",0.000151831019805141,0.276756558001276,0.00407538465762661
"RF",1.52188101200689e-05,0.0324224003472307,5.08090086375741e-05
"DT",0.7268787069479,0.00103196517661586,0.285596343223006
"Boost",0.00319577847167916,0.000238371286709046,0.00197127809420489
"SVM",0.000732578498692401,0.243605382283633,0.0174797030864207
