"name","data_p","data_r","data_f"
"LR",-0.594907407407407,-0.108024691358025,-0.304783950617284
"RF",-0.689814814814815,-0.209104938271605,-0.421296296296296
"DT",-0.10108024691358,-0.365740740740741,-0.0841049382716049
"Boost",-0.481481481481482,-0.364197530864198,-0.375
"SVM",-0.522376543209877,-0.12962962962963,-0.262345679012346
