"name","data_p","data_r","data_f"
"LR",0.00592966376709628,5.92262949794531e-08,4.56289097454869e-05
"RF",0.249392168931491,0.000563658549865259,0.00144613045267761
"DT",0.00130833657092144,0.00127711845561862,0.000509917124873027
"Boost",0.00860904535947509,1.76392786670476e-05,0.000395918894530629
"SVM",0.00430208381111668,8.04720912128687e-08,1.60592899192125e-05
