"name","data_p","data_r","data_f"
"LR",0.497685185185185,0.847222222222222,0.780864197530864
"RF",-0.0246913580246914,0.71141975308642,0.614197530864197
"DT",0.56712962962963,0.662037037037037,0.66820987654321
"Boost",0.43287037037037,0.726851851851852,0.716049382716049
"SVM",0.521604938271605,0.834876543209877,0.780864197530864
